iteration,loss,value_loss,policy_loss,wins_random_2p,wins_deepseek_2p,wins_random_4p,wins_deepseek_4p
1,25.76445198059082,0.21695315837860107,25.54749870300293,,,,
2,8.918774604797363,0.29485565423965454,8.623918533325195,,,,
3,9.566258430480957,0.265625,9.300633430480957,,,,
4,6.365646839141846,0.302734375,6.062912464141846,,,,
5,5.833685398101807,0.29689374566078186,5.536791801452637,,,,
6,5.8010358810424805,0.3245966136455536,5.476439476013184,,,,
7,5.5620269775390625,0.31940245628356934,5.242624282836914,,,,
8,5.70093297958374,0.29074227809906006,5.410190582275391,,,,
9,6.612110137939453,0.3258238136768341,6.286286354064941,,,,
10,5.712362766265869,0.3448365330696106,5.367526054382324,,,,
11,5.542311191558838,0.33729246258735657,5.205018520355225,,,,
12,5.450382709503174,0.3280809223651886,5.1223015785217285,,,,
13,5.378136157989502,0.2933788299560547,5.084757328033447,,,,
14,5.492074489593506,0.2208695113658905,5.271204948425293,,,,
15,5.427768230438232,0.2451361119747162,5.182631969451904,,,,
16,5.42014741897583,0.2137332260608673,5.206414222717285,,,,
17,5.314131736755371,0.2700518071651459,5.044079780578613,,,,
18,5.3154616355896,0.25242289900779724,5.0630388259887695,,,,
19,5.406530857086182,0.2531283497810364,5.153402328491211,,,,
20,5.318357944488525,0.2224934995174408,5.095864295959473,,,,
21,5.43259334564209,0.28113409876823425,5.151459217071533,,,,
22,5.390464782714844,0.28772473335266113,5.1027398109436035,,,,
23,5.26673698425293,0.2055286467075348,5.061208248138428,,,,
24,5.307711601257324,0.22292077541351318,5.0847907066345215,,,,
25,5.289926528930664,0.19948869943618774,5.090437889099121,,,,
26,5.220466613769531,0.1994728147983551,5.020993709564209,,,,
27,5.257264137268066,0.2049941122531891,5.05226993560791,,,,
28,5.319429874420166,0.20735658705234528,5.1120734214782715,,,,
29,5.390153884887695,0.36712002754211426,5.023033618927002,,,,
30,5.321704864501953,0.14981278777122498,5.171892166137695,,,,
31,5.226391315460205,0.11456993222236633,5.111821174621582,,,,
32,5.2062249183654785,0.14570370316505432,5.060521125793457,,,,
33,5.13955545425415,0.13416719436645508,5.005388259887695,,,,
34,5.157614707946777,0.15507417917251587,5.002540588378906,,,,
35,5.108176231384277,0.13906313478946686,4.969112873077393,,,,
36,5.128875255584717,0.12142865359783173,5.007446765899658,,,,
37,5.097793102264404,0.12569935619831085,4.97209358215332,,,,
38,4.935891628265381,0.09659910202026367,4.839292526245117,,,,
39,4.91914701461792,0.1146974265575409,4.804449558258057,,,,
40,4.9276604652404785,0.1010577529668808,4.826602935791016,,,,
41,5.063086986541748,0.10620491206645966,4.956881999969482,,,,
42,4.760388374328613,0.1256454885005951,4.634742736816406,,,,
43,4.755780220031738,0.07729741930961609,4.678483009338379,,,,
44,4.864038467407227,0.12441707402467728,4.739621162414551,,,,
45,4.79585075378418,0.09445035457611084,4.701400279998779,,,,
46,4.888225078582764,0.10114046931266785,4.787084579467773,,,,
47,4.745682716369629,0.09533020108938217,4.650352478027344,,,,
48,4.890778064727783,0.2918362319469452,4.598941802978516,,,,
49,4.952356815338135,0.2446456402540207,4.707711219787598,,,,
50,4.950318813323975,0.2042926549911499,4.746026039123535,6,0,3,0
51,4.826500415802002,0.22542153298854828,4.601078987121582,,,,
52,4.519395351409912,0.12909439206123352,4.390300750732422,,,,
53,4.389200687408447,0.10223080217838287,4.2869696617126465,,,,
54,4.480635643005371,0.1161017119884491,4.3645339012146,,,,
55,4.604983806610107,0.11809495836496353,4.486888885498047,,,,
56,4.524698734283447,0.09421519935131073,4.430483341217041,,,,
57,4.638936996459961,0.15084393322467804,4.48809289932251,,,,
58,4.652623653411865,0.07616081088781357,4.576462745666504,,,,
59,4.532577037811279,0.07516033947467804,4.457416534423828,,,,
60,4.487281322479248,0.06304024159908295,4.424241065979004,,,,
61,4.529278755187988,0.10509215295314789,4.424186706542969,,,,
62,4.453143119812012,0.13288891315460205,4.320254325866699,,,,
63,4.55596923828125,0.11305218935012817,4.4429168701171875,,,,
64,4.373999118804932,0.11688242852687836,4.257116794586182,,,,
65,4.4532294273376465,0.10622303187847137,4.347006320953369,,,,
66,4.531309127807617,0.08694131672382355,4.4443678855896,,,,
67,4.486616611480713,0.11687945574522018,4.369737148284912,,,,
68,4.382696151733398,0.07888486981391907,4.303811073303223,,,,
69,4.582326889038086,0.20475341379642487,4.377573490142822,,,,
70,4.287446022033691,0.07283297926187515,4.21461296081543,,,,
71,4.589528560638428,0.10023409873247147,4.489294528961182,,,,
72,4.338435649871826,0.08622107654809952,4.252214431762695,,,,
73,4.320340156555176,0.07633423805236816,4.2440056800842285,,,,
74,4.502665996551514,0.061866141855716705,4.440799713134766,,,,
75,4.386342525482178,0.09149017930030823,4.294852256774902,,,,
76,4.432055950164795,0.1005135029554367,4.331542491912842,,,,
77,4.292457103729248,0.08636227250099182,4.206094741821289,,,,
78,4.763656139373779,0.1651018261909485,4.5985541343688965,,,,
79,4.397089004516602,0.10969235002994537,4.287396430969238,,,,
80,4.217512130737305,0.06731299310922623,4.150198936462402,,,,
81,4.627800941467285,0.08046046644449234,4.547340393066406,,,,
82,4.597133636474609,0.0850352793931961,4.51209831237793,,,,
83,4.550837993621826,0.08947460353374481,4.461363315582275,,,,
84,4.393238544464111,0.0734512060880661,4.319787502288818,,,,
85,4.539190292358398,0.08253083378076553,4.456659317016602,,,,
86,4.116726875305176,0.05642837658524513,4.060298442840576,,,,
87,4.440006732940674,0.08160743117332458,4.358399391174316,,,,
88,4.329710483551025,0.07784141600131989,4.251869201660156,,,,
89,4.393177509307861,0.08333848416805267,4.309839248657227,,,,
90,4.379267692565918,0.10911659896373749,4.270151138305664,,,,
91,4.473886013031006,0.08299005031585693,4.390895843505859,,,,
92,4.2736053466796875,0.09349565953016281,4.18010950088501,,,,
93,4.559868335723877,0.07110348343849182,4.488764762878418,,,,
94,4.410680294036865,0.039961811155080795,4.370718479156494,,,,
95,4.444207668304443,0.055387549102306366,4.388820171356201,,,,
96,4.623194217681885,0.06605297327041626,4.557141304016113,,,,
97,4.177217483520508,0.05113179609179497,4.1260857582092285,,,,
98,4.359007835388184,0.040259718894958496,4.3187479972839355,,,,
99,4.419071674346924,0.05621083453297615,4.362860679626465,,,,
100,4.295684337615967,0.0701042115688324,4.225580215454102,5,0,3,0
101,4.3071675300598145,0.1027866005897522,4.204380989074707,,,,
102,4.033121585845947,0.05701818689703941,3.9761033058166504,,,,
103,4.264810085296631,0.04999113827943802,4.214818954467773,,,,
104,4.549931526184082,0.05957040935754776,4.490361213684082,,,,
105,4.050403594970703,0.046276409178972244,4.004127025604248,,,,
106,4.195049285888672,0.046949755400419235,4.148099422454834,,,,
107,4.477334976196289,0.09821607917547226,4.379118919372559,,,,
108,3.9258835315704346,0.056507840752601624,3.869375705718994,,,,
109,4.332464218139648,0.0580332949757576,4.274430751800537,,,,
110,4.110903263092041,0.06659956276416779,4.044303894042969,,,,
111,4.291144847869873,0.06661567091941833,4.224529266357422,,,,
112,3.9357659816741943,0.06041499972343445,3.8753509521484375,,,,
113,4.013998508453369,0.03920323774218559,3.974795341491699,,,,
114,4.757171630859375,0.055794283747673035,4.7013773918151855,,,,
115,3.9771203994750977,0.06326733529567719,3.913853168487549,,,,
116,4.043517112731934,0.06212247163057327,3.9813945293426514,,,,
117,4.005721569061279,0.07102440297603607,3.934697389602661,,,,
118,4.154417037963867,0.05210188403725624,4.1023149490356445,,,,
119,4.031986713409424,0.08840998262166977,3.9435768127441406,,,,
120,4.267622947692871,0.050227489322423935,4.217395305633545,,,,
121,3.9609382152557373,0.04385168105363846,3.917086601257324,,,,
122,3.9211997985839844,0.043318912386894226,3.877880811691284,,,,
123,3.8750712871551514,0.05746056139469147,3.817610740661621,,,,
124,3.997244358062744,0.052424367517232895,3.944819927215576,,,,
125,4.0442986488342285,0.05202972888946533,3.9922690391540527,,,,
126,3.9530904293060303,0.031119775027036667,3.9219706058502197,,,,
127,3.829029083251953,0.045561280101537704,3.7834677696228027,,,,
128,3.8034725189208984,0.05095360055565834,3.752518892288208,,,,
129,3.871034860610962,0.04507952183485031,3.825955390930176,,,,
130,3.9466521739959717,0.041019123047590256,3.905632972717285,,,,
131,4.4355082511901855,0.04633275419473648,4.3891754150390625,,,,
132,3.8007330894470215,0.0295700840651989,3.771162986755371,,,,
133,3.9573428630828857,0.0334579274058342,3.923884868621826,,,,
134,3.938293933868408,0.06403498351573944,3.8742589950561523,,,,
135,3.7756497859954834,0.019266895949840546,3.756382942199707,,,,
136,3.780313014984131,0.024005938321352005,3.7563071250915527,,,,
137,3.808375835418701,0.0421280674636364,3.7662477493286133,,,,
138,3.628326177597046,0.038507234305143356,3.5898189544677734,,,,
139,3.6676580905914307,0.03571886941790581,3.631939172744751,,,,
140,3.8035900592803955,0.03508777916431427,3.7685022354125977,,,,
141,3.691580057144165,0.023305298760533333,3.6682746410369873,,,,
142,4.220763683319092,0.04168340563774109,4.179080486297607,,,,
143,3.6736443042755127,0.040564149618148804,3.633080244064331,,,,
144,4.066219806671143,0.025445524603128433,4.040774345397949,,,,
145,3.881276845932007,0.034608278423547745,3.8466684818267822,,,,
146,3.690650224685669,0.03336778283119202,3.6572823524475098,,,,
147,3.75348162651062,0.021864283829927444,3.7316174507141113,,,,
148,3.7608394622802734,0.029176369309425354,3.7316629886627197,,,,
149,3.8034517765045166,0.020143598318099976,3.783308267593384,,,,
150,3.7287142276763916,0.02976609580218792,3.6989481449127197,6,0,3,1
151,3.8944077491760254,0.033772990107536316,3.8606348037719727,,,,
152,3.684654474258423,0.032260503619909286,3.6523940563201904,,,,
153,3.6979610919952393,0.03328637778759003,3.664674758911133,,,,
154,4.124330043792725,0.03051379695534706,4.09381628036499,,,,
155,3.782898426055908,0.040576737374067307,3.742321729660034,,,,
156,3.6431586742401123,0.03913893178105354,3.6040196418762207,,,,
157,3.855151891708374,0.03462231904268265,3.8205294609069824,,,,
158,3.6835176944732666,0.03073248639702797,3.652785301208496,,,,
159,3.6560475826263428,0.021150313317775726,3.634897232055664,,,,
160,3.64422607421875,0.02390403114259243,3.6203219890594482,,,,
161,3.7012264728546143,0.020040683448314667,3.681185722351074,,,,
162,3.7319250106811523,0.02886011451482773,3.7030649185180664,,,,
163,3.6096489429473877,0.027780307456851006,3.5818686485290527,,,,
164,3.701294183731079,0.02142723649740219,3.6798670291900635,,,,
165,3.869150400161743,0.026756513863801956,3.8423938751220703,,,,
166,3.672581672668457,0.022414155304431915,3.650167465209961,,,,
167,3.864973545074463,0.02408922091126442,3.840884208679199,,,,
168,3.6347739696502686,0.011674021370708942,3.6231000423431396,,,,
169,3.666400671005249,0.017082901671528816,3.649317741394043,,,,
170,3.741971731185913,0.031074214726686478,3.710897445678711,,,,
171,3.8311378955841064,0.028208095580339432,3.8029298782348633,,,,
172,3.5797009468078613,0.021137772127985954,3.558563232421875,,,,
173,4.108633995056152,0.016440706327557564,4.092193126678467,,,,
174,3.566102981567383,0.017448924481868744,3.548654079437256,,,,
175,3.6331331729888916,0.01550233829766512,3.61763072013855,,,,
176,3.709756851196289,0.017467105761170387,3.6922898292541504,,,,
177,3.6127736568450928,0.017983058467507362,3.5947906970977783,,,,
178,3.490602731704712,0.011545942164957523,3.4790568351745605,,,,
179,3.6306772232055664,0.025271521881222725,3.605405807495117,,,,
180,3.7469913959503174,0.02387862466275692,3.7231128215789795,,,,
181,3.6846230030059814,0.03313452750444412,3.6514885425567627,,,,
182,3.635326385498047,0.019815146923065186,3.615511178970337,,,,
183,3.766108751296997,0.017782364040613174,3.748326301574707,,,,
184,3.6916041374206543,0.022959338501095772,3.668644905090332,,,,
185,3.5861120223999023,0.01870032399892807,3.5674116611480713,,,,
186,3.8074042797088623,0.014187822118401527,3.7932164669036865,,,,
187,3.6381213665008545,0.013317760080099106,3.6248035430908203,,,,
188,3.7196462154388428,0.017541777342557907,3.702104330062866,,,,
189,3.685426712036133,0.02345106564462185,3.661975622177124,,,,
190,3.749001979827881,0.03070015273988247,3.718301773071289,,,,
191,3.598107099533081,0.0191798135638237,3.5789272785186768,,,,
192,3.665717124938965,0.01716998778283596,3.6485471725463867,,,,
193,3.9042890071868896,0.01780017837882042,3.886488914489746,,,,
194,3.6742517948150635,0.03015313670039177,3.6440987586975098,,,,
195,3.564492702484131,0.014851131476461887,3.5496416091918945,,,,
196,3.4505727291107178,0.012043674476444721,3.4385290145874023,,,,
197,3.884047746658325,0.018763050436973572,3.8652846813201904,,,,
198,3.558675527572632,0.01949712261557579,3.5391783714294434,,,,
199,3.665347099304199,0.014233052730560303,3.651113986968994,,,,
200,3.7081704139709473,0.012151278555393219,3.696019172668457,5,0,3,0
201,3.639009714126587,0.025796588510274887,3.613213062286377,,,,
202,3.802304983139038,0.01673966459929943,3.7855653762817383,,,,
203,3.6713545322418213,0.020376279950141907,3.6509783267974854,,,,
204,3.4916932582855225,0.016409428790211678,3.4752838611602783,,,,
205,3.5424392223358154,0.010587561875581741,3.5318517684936523,,,,
206,3.5778677463531494,0.026492256671190262,3.551375389099121,,,,
207,3.5726430416107178,0.012358023785054684,3.5602850914001465,,,,
208,3.8654074668884277,0.01307828538119793,3.8523292541503906,,,,
209,3.784104347229004,0.027644749730825424,3.7564597129821777,,,,
210,3.4735562801361084,0.025756413117051125,3.4477999210357666,,,,
211,3.4054434299468994,0.03159008175134659,3.3738534450531006,,,,
212,3.596170425415039,0.016750860959291458,3.5794196128845215,,,,
213,3.464219331741333,0.01849122904241085,3.445728063583374,,,,
214,3.5202529430389404,0.016670595854520798,3.503582239151001,,,,
215,3.325223684310913,0.013925494626164436,3.311298131942749,,,,
216,3.4052717685699463,0.018369587138295174,3.386902093887329,,,,
217,3.504772186279297,0.012323400937020779,3.4924488067626953,,,,
218,3.445004940032959,0.01579672284424305,3.429208278656006,,,,
219,3.7281932830810547,0.016879389062523842,3.7113139629364014,,,,
220,3.7307541370391846,0.01593259908258915,3.7148215770721436,,,,
221,3.491856813430786,0.014877477660775185,3.4769792556762695,,,,
222,3.556917905807495,0.014424487948417664,3.5424933433532715,,,,
223,3.5812392234802246,0.008650091476738453,3.572589159011841,,,,
224,3.546929359436035,0.02045438624918461,3.526474952697754,,,,
225,3.511646270751953,0.015126030892133713,3.4965202808380127,,,,
226,3.3851025104522705,0.013374718837440014,3.371727705001831,,,,
227,3.4584240913391113,0.012803512625396252,3.445620536804199,,,,
228,3.4215049743652344,0.01025988720357418,3.411245107650757,,,,
229,3.4043102264404297,0.010949871502816677,3.3933603763580322,,,,
230,3.546971082687378,0.01512232981622219,3.531848669052124,,,,
231,3.461501121520996,0.02286669611930847,3.4386343955993652,,,,
232,3.4992220401763916,0.01739668659865856,3.481825351715088,,,,
233,3.6639556884765625,0.016706347465515137,3.647249221801758,,,,
234,3.371990919113159,0.019217122346162796,3.352773904800415,,,,
235,3.677382230758667,0.019097167998552322,3.658285140991211,,,,
236,3.4473447799682617,0.024628853425383568,3.422715902328491,,,,
237,3.391098737716675,0.01827160269021988,3.3728270530700684,,,,
238,3.439927101135254,0.010840046219527721,3.4290871620178223,,,,
239,3.5650808811187744,0.016555137932300568,3.548525810241699,,,,
240,3.3789803981781006,0.018062524497509003,3.360917806625366,,,,
241,3.4116451740264893,0.018442152068018913,3.393203020095825,,,,
242,3.280805826187134,0.02064521610736847,3.2601606845855713,,,,
243,3.3925411701202393,0.018690750002861023,3.3738503456115723,,,,
244,3.3392348289489746,0.021537259221076965,3.317697525024414,,,,
245,3.2960238456726074,0.019022561609745026,3.27700138092041,,,,
246,3.316854476928711,0.031443871557712555,3.2854106426239014,,,,
247,3.2488625049591064,0.0222267284989357,3.226635694503784,,,,
248,3.3511910438537598,0.012956101447343826,3.3382349014282227,,,,
249,3.2795307636260986,0.02522633783519268,3.2543044090270996,,,,
250,3.407895565032959,0.026522140949964523,3.381373405456543,5,0,2,1
251,3.3779149055480957,0.028130728751420975,3.3497841358184814,,,,
252,3.451200246810913,0.025831546634435654,3.4253687858581543,,,,
253,3.314056396484375,0.016682859510183334,3.2973735332489014,,,,
254,3.4963526725769043,0.026165999472141266,3.470186710357666,,,,
255,3.5123255252838135,0.02742643654346466,3.4848990440368652,,,,
256,3.382974863052368,0.015696929767727852,3.3672778606414795,,,,
257,3.2911500930786133,0.016073182225227356,3.2750768661499023,,,,
258,3.338214159011841,0.020135093480348587,3.3180789947509766,,,,
259,3.30444598197937,0.013608158566057682,3.2908377647399902,,,,
260,3.2776012420654297,0.01928238943219185,3.2583189010620117,,,,
261,3.3844666481018066,0.020548155531287193,3.3639185428619385,,,,
262,3.2977828979492188,0.01974688656628132,3.278036117553711,,,,
263,3.4496302604675293,0.021684976294636726,3.427945375442505,,,,
264,3.5286943912506104,0.01837833598256111,3.5103161334991455,,,,
265,3.418915271759033,0.016326898708939552,3.402588367462158,,,,
266,3.233988046646118,0.02323431894183159,3.2107536792755127,,,,
267,,,,,,,
268,3.387718915939331,0.04387783259153366,3.343841075897217,,,,
269,3.306251049041748,0.003026637714356184,3.3032243251800537,,,,
270,3.333331346511841,0.009673113003373146,3.3236582279205322,,,,
271,3.368715286254883,0.010447824373841286,3.3582675457000732,,,,
272,3.299257516860962,0.004415961913764477,3.2948415279388428,,,,
273,3.297549247741699,0.0043468177318573,3.2932024002075195,,,,
274,3.1771717071533203,0.005788831040263176,3.1713829040527344,,,,
275,3.1557044982910156,0.0058798580430448055,3.149824619293213,,,,
276,3.1691763401031494,0.0074868109077215195,3.161689519882202,,,,
277,3.1751034259796143,0.002350754104554653,3.172752618789673,,,,
278,3.2898640632629395,0.007193267345428467,3.282670736312866,,,,
279,3.1292178630828857,0.0037137360777705908,3.1255040168762207,,,,
280,3.231069803237915,0.006174486596137285,3.2248952388763428,,,,
281,3.474531412124634,0.003614962100982666,3.470916509628296,,,,
282,3.1471383571624756,0.0068069081753492355,3.140331506729126,,,,
283,3.2774195671081543,0.003306891769170761,3.2741127014160156,,,,
284,3.23542857170105,0.0028841521125286818,3.232544422149658,,,,
285,3.1728458404541016,0.009868541732430458,3.1629772186279297,,,,
286,3.1959879398345947,0.004131825175136328,3.1918561458587646,,,,
287,3.2031266689300537,0.005820930004119873,3.197305679321289,,,,
288,3.200676679611206,0.006788771133869886,3.193887948989868,,,,
289,3.2673518657684326,0.0076600005850195885,3.2596919536590576,,,,
290,3.2137949466705322,0.007988657802343369,3.205806255340576,,,,
291,3.328338623046875,0.008804667741060257,3.3195340633392334,,,,
292,3.274226665496826,0.004640921484678984,3.2695858478546143,,,,
293,3.2019758224487305,0.006505107041448355,3.1954708099365234,,,,
294,3.173210859298706,0.006111647933721542,3.1670992374420166,,,,
295,3.2143189907073975,0.008499359712004662,3.205819606781006,,,,
296,3.295497179031372,0.006416734308004379,3.2890803813934326,,,,
297,3.2992193698883057,0.011601551435887814,3.2876179218292236,,,,
298,3.361600160598755,0.0021246704272925854,3.3594753742218018,,,,
299,3.451841354370117,0.004049794282764196,3.447791576385498,,,,
300,3.227149248123169,0.0036254916340112686,3.2235238552093506,18,0,4,0
301,3.2348148822784424,0.004055073019117117,3.230759859085083,,,,
302,3.249692916870117,0.003795711323618889,3.2458972930908203,,,,
303,3.4245340824127197,0.011125355958938599,3.4134087562561035,,,,
304,3.232593297958374,0.009879086166620255,3.2227141857147217,,,,
305,3.3094496726989746,0.006458492483943701,3.3029911518096924,,,,
306,3.3776307106018066,0.004499525763094425,3.373131275177002,,,,
307,3.5279648303985596,0.009801436215639114,3.5181634426116943,,,,
308,3.2040903568267822,0.004075765609741211,3.200014591217041,,,,
309,3.4481546878814697,0.004663280677050352,3.4434914588928223,,,,
310,3.3219735622406006,0.004530750215053558,3.3174428939819336,,,,
311,3.352362632751465,0.006262889131903648,3.346099853515625,,,,
312,3.2612075805664062,0.00632867868989706,3.2548789978027344,,,,
313,3.276465892791748,0.004330386407673359,3.2721354961395264,,,,
314,3.2312285900115967,0.003669903613626957,3.2275586128234863,,,,
315,3.3604416847229004,0.001865432714112103,3.3585762977600098,,,,
316,3.219864845275879,0.00497117405757308,3.2148935794830322,,,,
317,3.1965839862823486,0.003658244153484702,3.1929256916046143,,,,
318,3.175642967224121,0.0019560051150619984,3.173686981201172,,,,
319,3.209404706954956,0.0029076801147311926,3.2064969539642334,,,,
320,3.2366130352020264,0.002067919122055173,3.2345452308654785,,,,
321,3.3298699855804443,0.001477829646319151,3.328392267227173,,,,
322,3.302790403366089,0.0048469435423612595,3.297943353652954,,,,
323,3.1747355461120605,0.0039910124614834785,3.1707444190979004,,,,
324,3.149794816970825,0.003604335244745016,3.1461904048919678,,,,
325,3.4477200508117676,0.005107805132865906,3.4426121711730957,,,,
326,3.2591395378112793,0.007719928398728371,3.2514195442199707,,,,
327,3.3361215591430664,0.005861667916178703,3.3302597999572754,,,,
328,3.342294692993164,0.006640858016908169,3.335653781890869,,,,
329,3.2730112075805664,0.00450331624597311,3.268507957458496,,,,
330,3.2064008712768555,0.005399482324719429,3.2010014057159424,,,,
331,3.264431953430176,0.003915460780262947,3.260516405105591,,,,
332,3.2592618465423584,0.002785522723570466,3.256476402282715,,,,
333,3.2769615650177,0.0023449936416000128,3.2746164798736572,,,,
334,3.3989129066467285,0.00554119236767292,3.393371820449829,,,,
335,3.379579782485962,0.004737735725939274,3.3748419284820557,,,,
336,3.159562349319458,0.004435458220541477,3.1551268100738525,,,,
337,3.2614905834198,0.0017455712659284472,3.2597451210021973,,,,
338,3.098076581954956,0.0030381951946765184,3.095038414001465,,,,
339,3.1373417377471924,0.005887786857783794,3.1314539909362793,,,,
340,3.3102223873138428,0.011055214330554008,3.2991671562194824,,,,
341,3.156256675720215,0.004535205662250519,3.151721477508545,,,,
342,3.2930307388305664,0.004206878133118153,3.2888238430023193,,,,
343,3.2935829162597656,0.006566623225808144,3.2870163917541504,,,,
344,3.4473929405212402,0.004343201406300068,3.443049669265747,,,,
345,3.1764581203460693,0.006238718517124653,3.1702194213867188,,,,
346,3.1352522373199463,0.008044226095080376,3.1272079944610596,,,,
347,3.3254895210266113,0.006796782370656729,3.318692684173584,,,,
348,3.3834421634674072,0.005064359866082668,3.378377914428711,,,,
349,3.3705976009368896,0.004144994542002678,3.366452693939209,,,,
350,3.2675621509552,0.006115770898759365,3.261446475982666,19,0,7,0
351,3.1479854583740234,0.00502361636608839,3.1429617404937744,,,,
352,3.1695926189422607,0.004164539277553558,3.1654281616210938,,,,
353,3.142714262008667,0.007770968601107597,3.1349432468414307,,,,
354,3.3019752502441406,0.006997194141149521,3.294978141784668,,,,
355,3.392082929611206,0.007996231317520142,3.3840866088867188,,,,
356,3.265139102935791,0.004514241591095924,3.260624885559082,,,,
357,3.232285976409912,0.0039003200363367796,3.2283856868743896,,,,
358,3.494433641433716,0.00576524855569005,3.488668441772461,,,,
359,3.2678656578063965,0.0058990600518882275,3.2619667053222656,,,,
360,3.318809747695923,0.00559347216039896,3.313216209411621,,,,
361,3.1362671852111816,0.004490389488637447,3.131776809692383,,,,
362,3.1948435306549072,0.003902801778167486,3.1909406185150146,,,,
363,3.0935940742492676,0.004434794187545776,3.0891592502593994,,,,
364,3.231027603149414,0.004511683247983456,3.226516008377075,,,,
365,3.2207417488098145,0.0023314543068408966,3.2184102535247803,,,,
366,3.1086068153381348,0.006860066670924425,3.1017467975616455,,,,
367,3.221017837524414,0.005306395702064037,3.2157113552093506,,,,
368,3.2336654663085938,0.004704678431153297,3.2289607524871826,,,,
369,3.234060764312744,0.009138424880802631,3.2249224185943604,,,,
370,3.2514660358428955,0.01092451810836792,3.240541458129883,,,,
371,3.2336161136627197,0.005211971700191498,3.2284040451049805,,,,
372,3.23818302154541,0.006204059813171625,3.2319788932800293,,,,
373,3.2804503440856934,0.004926828667521477,3.2755234241485596,,,,
374,3.2096235752105713,0.004654140677303076,3.2049694061279297,,,,
375,3.4046220779418945,0.004675794392824173,3.3999462127685547,,,,
376,3.5673367977142334,0.0032373787835240364,3.5640993118286133,,,,
377,3.324049234390259,0.007629302330315113,3.316419839859009,,,,
378,3.2145426273345947,0.0029227240011096,3.2116198539733887,,,,
379,3.2774622440338135,0.0038612382486462593,3.2736010551452637,,,,
380,3.2529098987579346,0.005746198818087578,3.247163772583008,,,,
381,3.1925692558288574,0.00561709376052022,3.1869521141052246,,,,
382,3.189664602279663,0.00425297487527132,3.1854116916656494,,,,
383,3.1611852645874023,0.0033592362888157368,3.1578259468078613,,,,
384,3.194946765899658,0.004223082214593887,3.1907236576080322,,,,
385,3.1617300510406494,0.0028823777101933956,3.1588475704193115,,,,
386,3.2234349250793457,0.0034688892774283886,3.219965934753418,,,,
387,3.280472755432129,0.005120896268635988,3.2753517627716064,,,,
388,3.232151746749878,0.008121317252516747,3.2240304946899414,,,,
389,3.2049098014831543,0.006210784427821636,3.1986989974975586,,,,
390,3.320729970932007,0.0059648724272847176,3.314765214920044,,,,
391,3.250000476837158,0.006873855832964182,3.243126630783081,,,,
392,3.135634660720825,0.0029216413386166096,3.1327130794525146,,,,
393,3.5042548179626465,0.0043850671499967575,3.4998698234558105,,,,
394,3.313166856765747,0.004087646491825581,3.309079170227051,,,,
395,3.2658872604370117,0.007308442145586014,3.2585787773132324,,,,
396,3.217935562133789,0.004374826792627573,3.2135608196258545,,,,
397,3.156331777572632,0.006173895671963692,3.150157928466797,,,,
398,3.235081434249878,0.003929041791707277,3.231152296066284,,,,
399,3.1925735473632812,0.008316509425640106,3.1842570304870605,,,,
400,3.239206314086914,0.006911519914865494,3.232294797897339,19,0,4,0
401,3.317028284072876,0.003853030037134886,3.3131752014160156,,,,
402,3.3361661434173584,0.004758541472256184,3.3314075469970703,,,,
403,3.4103333950042725,0.006720223929733038,3.4036130905151367,,,,
404,3.2442057132720947,0.006059474311769009,3.2381463050842285,,,,
405,3.152181386947632,0.003106517717242241,3.1490747928619385,,,,
406,3.3847970962524414,0.004029455129057169,3.380767583847046,,,,
407,3.2647218704223633,0.003993910737335682,3.260727882385254,,,,
